No.,Text,Type,Label,Main emotion
1,?,slang,1,Negative
2,?4U,slang,0,Neutral
3,;S,slang,0,Neutral
4,^^,slang,0,Neutral
5,<3,slang,0,Neutral
6,</3,slang,1,Negative
7,<3333,slang,0,Neutral
8,@TEOTD,slang,0,Neutral
9,0.02,slang,0,Positive
10,"1TG, 2TG",slang,0,Positive
11,1UP,slang,0,Neutral
12,121,slang,0,Neutral
13,1337,slang,0,Neutral
14,143,slang,0,Positive
15,1432,slang,0,Positive
16,14AA41,slang,0,Neutral
17,182,slang,1,Negative
18,19,slang,0,Neutral
19,10M,slang,0,Neutral
20,10X,slang,0,Positive
21,10Q,slang,0,Neutral
22,1CE,slang,0,Neutral
23,1DR,slang,0,Neutral
24,1NAM,slang,0,Neutral
25,2,slang,0,Neutral
26,20,slang,0,Neutral
27,2B,slang,0,Neutral
28,2EZ,slang,0,Positive
29,2G2BT,slang,0,Positive
30,2M2H,slang,0,Positive
31,2MI,slang,0,Positive
32,2MOR,slang,0,Neutral
33,2MORO,slang,0,Neutral
34,2M2H,slang,0,Positive
35,2N8,slang,0,Neutral
36,2NTE,slang,0,Neutral
37,4,slang,0,Neutral
38,411,slang,0,Neutral
39,404,slang,0,Neutral
40,420,slang,0,Positive
41,459,slang,0,Positive
42,4AO,slang,0,Neutral
43,4COL,slang,1,Negative
44,4EAE,slang,0,Neutral
45,4EVA,slang,0,Neutral
46,4NR,slang,0,Neutral
47,4SALE,slang,0,Neutral
48,^5,slang,0,Neutral
49,511,slang,0,Positive
50,555,slang,1,Negative
51,55555,slang,1,Negative
52,55555,slang,0,Neutral
53,6Y,slang,0,Positive
54,7K,slang,1,Negative
55,81,slang,0,Neutral
56,831,slang,0,Positive
57,86,slang,0,Neutral
58,88,slang,0,Neutral
59,88,slang,0,Neutral
60,9,slang,0,Neutral
61,*s*,slang,0,Positive
62,*w*,slang,0,Neutral
63,A3,slang,0,Neutral
64,AA,slang,0,Neutral
65,AA,slang,0,Neutral
66,AA,slang,0,Neutral
67,AAF,slang,0,Neutral
68,AAF,slang,0,Neutral
69,AAK,slang,0,Neutral
70,AAK,slang,0,Positive
71,AAMOF,slang,0,Neutral
72,AAMOI,slang,0,Neutral
73,AAP,slang,0,Neutral
74,AAR,slang,0,Neutral
75,AAS,slang,0,Positive
76,AASHTA,slang,0,Neutral
77,AATK,slang,0,Neutral
78,AAYF,slang,0,Neutral
79,ABBR,slang,0,Neutral
80,ABC,slang,0,Neutral
81,ABD,slang,0,Neutral
82,ABT,slang,0,Neutral
83,ABT2,slang,0,Neutral
84,ABTA,slang,0,Neutral
85,ABU,slang,0,Neutral
86,AC,slang,0,Neutral
87,ACC,slang,0,Neutral
88,ACD,slang,0,Neutral
89,ACDNT,slang,0,Neutral
90,ACE,slang,0,Neutral
91,ACK,slang,0,Neutral
92,ACPT,slang,0,Neutral
93,ACQSTN,slang,0,Neutral
94,ADAD,slang,0,Neutral
95,ADBB,slang,0,Neutral
96,ADD,slang,0,Neutral
97,ADDY,slang,0,Neutral
98,ADIH,slang,0,Neutral
99,ADIP,slang,0,Neutral
100,ADMIN,slang,0,Neutral
101,ADMINR,slang,0,Neutral
102,ADN,slang,0,Neutral
103,ADR,slang,0,Neutral
104,AE,slang,0,Neutral
105,AEAP,slang,0,Positive
106,AF,slang,0,Neutral
107,AF,slang,0,Neutral
108,AF,slang,0,Neutral
109,AFC,slang,0,Neutral
110,AFAIAA,slang,0,Positive
111,AFAIC,slang,0,Positive
112,AFAIK,slang,0,Positive
113,AFAIUI,slang,0,Positive
114,AFAP,slang,0,Positive
115,AFFA,slang,0,Neutral
116,AFJ,slang,0,Neutral
117,AFK,slang,0,Neutral
118,AFZ,slang,0,Positive
119,AFPOE,slang,0,Positive
120,AGI,slang,0,Neutral
121,AH,slang,0,Neutral
122,AIAMU,slang,0,Neutral
123,AIGHT,slang,0,Neutral
124,AIR,slang,0,Neutral
125,AISB,slang,0,Neutral
126,AISB,slang,0,Neutral
127,AISI,slang,0,Neutral
128,AITR,slang,0,Positive
129,AKA,slang,0,Neutral
130,ALCON,slang,0,Neutral
131,ALOL,slang,0,Positive
132,AMA,slang,0,Neutral
133,AMAP,slang,0,Neutral
134,AMBW,slang,0,Positive
135,AML,slang,0,Positive
136,AMOF,slang,0,Neutral
137,A/N,slang,0,Neutral
138,AO,slang,0,Neutral
139,AOC,slang,0,Positive
140,AOE,slang,0,Neutral
141,AOM,slang,0,Neutral
142,AOM,slang,0,Neutral
143,AOTA,slang,0,Neutral
144,AOYP,slang,0,Neutral
145,APAC,slang,0,Neutral
146,APP,slang,0,Neutral
147,APP,slang,0,Neutral
148,AQAP,slang,0,Positive
149,ARC,slang,0,Neutral
150,ARE,slang,0,Positive
151,ARG,slang,0,Neutral
152,ASIG,slang,0,Neutral
153,ASAP,slang,0,Neutral
154,A/S/L,slang,0,Neutral
155,ASL,slang,0,Neutral
156,ASLA,slang,0,Neutral
157,AT,slang,0,Neutral
158,ATB,slang,0,Positive
159,ATEOTD,slang,0,Neutral
160,ATM,slang,0,Neutral
161,ATSITS,slang,0,Neutral
162,ATSL,slang,0,Neutral
163,AWC,slang,0,Neutral
164,AWESO,slang,0,Positive
165,AWOL,slang,0,Neutral
166,AWOL,slang,0,Neutral
167,AYDY,slang,0,Neutral
168,AYBABTU,slang,1,Negative
169,AYEC,slang,0,Neutral
170,AYOR,slang,0,Positive
171,AYSOS,slang,1,Negative
172,AYS,slang,1,Negative
173,AYT,slang,0,Neutral
174,AYTMTB,slang,0,Neutral
175,AYV,slang,0,Neutral
176,AYW,slang,0,Neutral
177,AYW,slang,0,Neutral
178,AZN,slang,0,Neutral
179,B,slang,0,Neutral
180,B,slang,0,Neutral
181,B&,slang,0,Neutral
182,B2B,slang,0,Neutral
183,B2C,slang,0,Neutral
184,B2W,slang,0,Neutral
185,B8,slang,0,Neutral
186,B9,slang,0,Neutral
187,B/F,slang,0,Neutral
188,B/G,slang,0,Neutral
189,B4,slang,0,Neutral
190,B4N,slang,0,Neutral
191,BAG,slang,0,Neutral
192,BA,slang,1,Negative
193,BAE,slang,0,Neutral
194,BAE,slang,0,Neutral
195,BAFO,slang,0,Positive
196,BAK,slang,0,Neutral
197,BAM,slang,1,Negative
198,BAMF,slang,1,Negative
199,BAO,slang,0,Positive
200,BAS,slang,0,Positive
201,BASIC,slang,0,Neutral
202,BASOR,slang,0,Neutral
203,BAU,slang,1,Negative
204,BAY,slang,0,Neutral
205,BB,slang,0,Neutral
206,BB,slang,0,Neutral
207,BB,slang,0,Neutral
208,BBC,slang,1,Negative
209,BBIAB,slang,0,Neutral
210,BBIAF,slang,1,Negative
211,BBIAM,slang,0,Neutral
212,BBIAS,slang,1,Negative
213,BBL,slang,0,Neutral
214,BBN,slang,0,Neutral
215,BBQ,slang,0,Neutral
216,BBS,slang,0,Neutral
217,BBT,slang,0,Neutral
218,BC,slang,0,Neutral
219,B/C,slang,0,Neutral
220,BC,slang,0,Positive
221,BCNU,slang,0,Neutral
222,BCOS,slang,0,Neutral
223,BCO,slang,0,Neutral
224,BCOY,slang,0,Neutral
225,BD,slang,0,Neutral
226,BDAY,slang,0,Neutral
227,B-DAY,slang,0,Neutral
228,BDN,slang,0,Neutral
229,BEG,slang,1,Negative
230,BELF,slang,0,Neutral
231,BF,slang,0,Neutral
232,BF,slang,0,Neutral
233,BFAW,slang,0,Positive
234,BF2,slang,0,Neutral
235,BF,slang,0,Positive
236,BFF,slang,0,Positive
237,BFFL,slang,0,Positive
238,BFFLNMW,slang,0,Positive
239,BFD,slang,0,Neutral
240,BFG,slang,0,Neutral
241,BFFN,slang,0,Positive
242,BFN,slang,0,Neutral
243,BG,slang,0,Neutral
244,BGWM,slang,0,Positive
245,BHL8,slang,1,Negative
246,BIB,slang,0,Neutral
247,BIBO,slang,0,Neutral
248,BIC,slang,0,Neutral
249,BIF,slang,0,Neutral
250,BIH,slang,0,Neutral
251,BIL,slang,0,Neutral
252,BIO,slang,0,Neutral
253,BION,slang,0,Neutral
254,BIOYA,slang,0,Neutral
255,BIOYN,slang,0,Neutral
256,BIS,slang,0,Positive
257,BISFLATM,slang,0,Neutral
258,BITMT,slang,0,Neutral
259,BL,slang,0,Positive
260,BLNT,slang,0,Positive
261,Bloke,slang,0,Neutral
262,BM,slang,0,Neutral
263,BME,slang,0,Neutral
264,BM&Y,slang,0,Neutral
265,BOB,slang,0,Neutral
266,BN,slang,1,Negative
267,BOE,slang,0,Neutral
268,BOHICA,slang,0,Neutral
269,BOL,slang,0,Positive
270,BOM,slang,0,Neutral
271,BOLO,slang,0,Neutral
272,BOOMS,slang,1,Negative
273,BOP,slang,0,Neutral
274,BOSMKL,slang,0,Neutral
275,BOT,slang,0,Neutral
276,BOT,slang,0,Neutral
277,BMS,slang,0,Neutral
278,BOYF,slang,0,Neutral
279,BPLM,slang,1,Negative
280,BRB,slang,0,Positive
281,BR,slang,0,Positive
282,BRBB,slang,0,Positive
283,BRNC,slang,0,Positive
284,BRD,slang,1,Negative
285,BRH,slang,0,Positive
286,BRT,slang,0,Positive
287,BSF,slang,1,Negative
288,BSOD,slang,0,Neutral
289,BSTS,slang,0,Positive
290,BT,slang,0,Neutral
291,BT,slang,0,Neutral
292,BTA,slang,0,Neutral
293,BTDT,slang,0,Neutral
294,BTW,slang,0,Neutral
295,BTYCL,slang,0,Neutral
296,BUBU,slang,0,Positive
297,BURN,slang,0,Neutral
298,Buff,slang,0,Neutral
299,BWL,slang,0,Neutral
300,BYOB,slang,0,Positive
301,BYOC,slang,0,Positive
302,BYOD,slang,0,Positive
303,BYOH,slang,0,Neutral
304,BYOP,slang,0,Neutral
305,BYTM,slang,0,Positive
306,C&G,slang,0,Neutral
307,C4N,slang,0,Neutral
308,CAD,slang,0,Neutral
309,CAD,slang,0,Neutral
310,Cakeday,slang,0,Neutral
311,CAM,slang,0,Neutral
312,CB,slang,0,Neutral
313,CB,slang,0,Neutral
314,CB,slang,1,Negative
315,CD9,slang,0,Neutral
316,CFS,slang,1,Negative
317,CFY,slang,0,Neutral
318,CHK,slang,0,Neutral
319,CIAO,slang,0,Neutral
320,CICO,slang,0,Neutral
321,CID,slang,1,Negative
322,CID,slang,0,Neutral
323,CLAB,slang,1,Negative
324,CLD,slang,0,Neutral
325,CLK,slang,0,Neutral
326,CM,slang,0,Neutral
327,CMAP,slang,0,Neutral
328,CMB,slang,0,Neutral
329,CMGR,slang,0,Neutral
330,CMIIW,slang,1,Negative
331,CMON,slang,0,Neutral
332,CNP,slang,0,Neutral
333,COB,slang,0,Neutral
334,COH,slang,0,Neutral
335,COS,slang,0,Neutral
336,C/P,slang,0,Neutral
337,CP,slang,0,Neutral
338,CR8,slang,0,Neutral
339,Cray,slang,1,Negative
340,CRE8,slang,0,Neutral
341,CRA CRA,slang,1,Negative
342,CRAFT,slang,0,Neutral
343,CRB,slang,0,Positive
344,CRBT,slang,1,Negative
345,CRIT,slang,0,Neutral
346,CRZ,slang,1,Negative
347,CRS,slang,0,Neutral
348,CSG,slang,0,Neutral
349,CSL,slang,0,Neutral
350,CSS,slang,0,Neutral
351,CT,slang,0,Neutral
352,CTC,slang,0,Neutral
353,CTHU,slang,0,Neutral
354,CTN,slang,0,Neutral
355,CTO,slang,0,Neutral
356,CU,slang,0,Neutral
357,CU,slang,0,Neutral
358,CU2,slang,0,Neutral
359,CUA,slang,0,Neutral
360,CUL,slang,0,Neutral
361,CULA,slang,0,Neutral
362,CUL8R,slang,0,Neutral
363,CUMID,slang,0,Neutral
364,CURLO,slang,0,Neutral
365,CWD,slang,0,Neutral
366,CWOT,slang,1,Negative
367,CWYL,slang,0,Neutral
368,CX,slang,0,Neutral
369,CYA,slang,0,Neutral
370,CYAL8R,slang,0,Neutral
371,CYE,slang,0,Neutral
372,CYEP,slang,0,Neutral
373,CYO,slang,0,Neutral
374,D2,slang,0,Neutral
375,D46?,slang,1,Negative
376,DA,slang,0,Neutral
377,DAE,slang,0,Neutral
378,DAFUQ,slang,0,Neutral
379,DAM,slang,0,Neutral
380,DAoC,slang,1,Negative
381,DBAU,slang,1,Negative
382,DBEYR,slang,0,Neutral
383,DC,slang,0,Neutral
384,DD,slang,0,Neutral
385,DD,slang,1,Negative
386,DDG,slang,0,Positive
387,DEEZ NUTZ,slang,0,Neutral
388,DEGT,slang,0,Neutral
389,DERP,slang,1,Negative
390,DF,slang,0,Neutral
391,DFL,slang,1,Negative
392,DGA,slang,0,Neutral
393,DGAF,slang,0,Neutral
394,DGT,slang,0,Neutral
395,DGTG,slang,0,Neutral
396,DGYF,slang,0,Positive
397,DH,slang,0,Neutral
398,DHU,slang,0,Neutral
399,DIIK,slang,0,Neutral
400,DIKU,slang,0,Neutral
401,DILLIGAF,slang,0,Neutral
402,DILLIGAS,slang,0,Neutral
403,DIS,slang,0,Neutral
404,DITYID,slang,0,Neutral
405,DIY,slang,0,Neutral
406,DKDC,slang,0,Neutral
407,DKP,slang,0,Neutral
408,D/L,slang,0,Neutral
409,DL,slang,0,Neutral
410,DL,slang,1,Negative
411,DL,slang,1,Negative
412,DLBBB,slang,0,Neutral
413,DLTBBB,slang,0,Neutral
414,DM,slang,0,Neutral
415,DM,slang,0,Positive
416,DM,slang,0,Neutral
417,DM,slang,0,Neutral
418,DMNO,slang,0,Neutral
419,DMY,slang,1,Negative
420,DN,slang,1,Negative
421,DNC,slang,0,Neutral
422,DNR,slang,0,Neutral
423,DNT,slang,0,Neutral
424,d00d,slang,0,Neutral
425,DOE,slang,0,Neutral
426,DORBS,slang,0,Positive
427,DOT,slang,0,Neutral
428,Downvote,slang,1,Negative
429,DPS,slang,0,Neutral
430,DQMOT,slang,0,Neutral
431,DR,slang,0,Neutral
432,DS,slang,0,Neutral
433,DTR,slang,0,Neutral
434,DTRT,slang,0,Positive
435,DTS,slang,0,Neutral
436,DTTD,slang,0,Neutral
437,DUPE,slang,0,Neutral
438,DUR,slang,0,Neutral
439,DV8,slang,0,Neutral
440,DW,slang,0,Neutral
441,DWF,slang,0,Neutral
442,DWM,slang,0,Neutral
443,DXNRY,slang,0,Neutral
444,DYNWUTB,slang,0,Neutral
445,DYFI,slang,0,Neutral
446,DYFM,slang,0,Neutral
447,DYJHIW,slang,1,Negative
448,DYOR,slang,0,Positive
449,E,slang,0,Neutral
450,E,slang,0,Neutral
451,E1,slang,0,Neutral
452,E123,slang,0,Positive
453,E2EG,slang,0,Neutral
454,EAK,slang,0,Neutral
455,EBKAC,slang,0,Neutral
456,ED,slang,0,Neutral
457,EF4T,slang,0,Neutral
458,EG,slang,1,Negative
459,EI,slang,0,Neutral
460,EIP,slang,0,Neutral
461,ELI5,slang,0,Neutral
462,EM,slang,0,Neutral
463,EMA,slang,0,Neutral
464,EMBAR,slang,0,Neutral
465,EMFBI,slang,1,Negative
466,EMFBI,slang,1,Negative
467,EMSG,slang,0,Neutral
468,ENUF,slang,0,Neutral
469,EOD,slang,0,Neutral
470,EOD,slang,0,Neutral
471,EOL,slang,0,Neutral
472,EOL,slang,0,Neutral
473,EOM,slang,0,Neutral
474,EOS,slang,0,Neutral
475,EOT,slang,0,Neutral
476,EQ,slang,0,Neutral
477,ERP,slang,0,Positive
478,ERS2,slang,0,Neutral
479,ES,slang,0,Neutral
480,ESAD,slang,0,Neutral
481,ETA,slang,0,Neutral
482,ETA,slang,0,Neutral
483,EVA,slang,0,Neutral
484,EVO,slang,0,Neutral
485,EWG,slang,0,Neutral
486,EWI,slang,0,Neutral
487,EXTRA,slang,0,Positive
488,EYC,slang,0,Positive
489,EZ,slang,0,Positive
490,EZY,slang,0,Positive
491,F,slang,0,Neutral
492,F2F,slang,0,Neutral
493,F2P,slang,0,Positive
494,F4F,slang,0,Neutral
495,FAAK,slang,0,Neutral
496,FAB,slang,0,Positive
497,Facepalm,slang,0,Neutral
498,FAF,slang,0,Positive
499,FAM,slang,0,Neutral
500,FAQ,slang,0,Positive
501,FAY,slang,0,Neutral
502,FB,slang,0,Neutral
503,FBB,slang,0,Neutral
504,FBC,slang,0,Neutral
505,FBF,slang,0,Neutral
506,FBF,slang,0,Neutral
507,FBF,slang,0,Neutral
508,FBFR,slang,0,Neutral
509,FBM,slang,0,Positive
510,FBO,slang,0,Neutral
511,FBOW,slang,0,Positive
512,FC,slang,0,Neutral
513,FC,slang,0,Positive
514,FC’INGO,slang,1,Negative
515,FCOL,slang,1,Negative
516,Feelsbadman,slang,1,Negative
517,Feelsbatman,slang,1,Negative
518,Feelsgoodman,slang,0,Positive
519,FEITCTAJ,slang,0,Neutral
520,FF,slang,0,Neutral
521,FFA,slang,0,Positive
522,FFS,slang,0,Neutral
523,FICCL,slang,1,Negative
524,FIF,slang,0,Positive
525,FIIK,slang,0,Neutral
526,FIIOOH,slang,0,Neutral
527,FIL,slang,0,Neutral
528,FIMH,slang,0,Neutral
529,Finna,slang,0,Neutral
530,Finsta,slang,1,Negative
531,FISH,slang,0,Positive
532,FITB,slang,0,Neutral
533,FML,slang,0,Neutral
534,FOMC,slang,0,Neutral
535,FOMO,slang,1,Negative
536,FOAD,slang,0,Neutral
537,FOAF,slang,0,Neutral
538,FOMCL,slang,0,Neutral
539,FRT,slang,0,Positive
540,FTBOMH,slang,0,Neutral
541,FTFY,slang,0,Positive
542,FTL,slang,0,Neutral
543,FTW,slang,0,Positive
544,FU,slang,0,Neutral
545,FUBAR,slang,0,Neutral
546,FUBB,slang,0,Neutral
547,FUD,slang,0,Neutral
548,FUTAB,slang,0,Neutral
549,FW,slang,0,Neutral
550,FWB,slang,0,Neutral
551,FWIW,slang,0,Positive
552,FWM,slang,0,Positive
553,FWP,slang,0,Positive
554,FYE,slang,0,Positive
555,FYEO,slang,0,Neutral
556,FYA,slang,0,Neutral
557,FYI,slang,0,Neutral
558,G,slang,0,Neutral
559,G,slang,0,Neutral
560,G+,slang,0,Neutral
561,G/F,slang,0,Neutral
562,G2CU,slang,0,Positive
563,G2G,slang,0,Neutral
564,G2GICYAL8ER,slang,0,Neutral
565,G2R,slang,0,Neutral
566,G2TU,slang,0,Neutral
567,G4C,slang,0,Neutral
568,G9,slang,0,Neutral
569,GA,slang,0,Neutral
570,GAC,slang,0,Neutral
571,GAFC,slang,0,Neutral
572,GAL,slang,0,Neutral
573,GANK,slang,1,Negative
574,GAS,slang,0,Neutral
575,GAS,slang,0,Neutral
576,GB,slang,0,Neutral
577,GBTW,slang,0,Neutral
578,GBU,slang,0,Neutral
579,GD,slang,0,Positive
580,GDR,slang,0,Neutral
581,GD/R,slang,0,Neutral
582,GFI,slang,0,Neutral
583,GF,slang,0,Neutral
584,GFN,slang,0,Neutral
585,GG,slang,0,Neutral
586,GG,slang,0,Positive
587,GG,slang,0,Neutral
588,GGA,slang,0,Positive
589,GGE1,slang,0,Positive
590,GGU2,slang,0,Positive
591,GGMSOT,slang,0,Neutral
592,GGOH,slang,0,Neutral
593,GGP,slang,0,Neutral
594,GH,slang,0,Positive
595,GIAR,slang,0,Neutral
596,GIC,slang,0,Neutral
597,GIGO,slang,0,Neutral
598,GIRL,slang,0,Positive
599,GJ,slang,0,Positive
600,GL,slang,0,Positive
601,GL2U,slang,0,Positive
602,GLA,slang,0,Positive
603,GL/HF,slang,0,Positive
604,GLE,slang,0,Positive
605,GLE1,slang,0,Positive
606,GLNG,slang,0,Positive
607,GMBA,slang,0,Neutral
608,GMTA,slang,0,Positive
609,GMV,slang,0,Neutral
610,GN,slang,0,Positive
611,GNA,slang,0,Positive
612,GNE1,slang,0,Positive
613,GNIGHT,slang,0,Positive
614,GNITE,slang,0,Positive
615,GNSD,slang,0,Positive
616,GOAT,slang,0,Positive
617,GOI,slang,0,Neutral
618,GOL,slang,0,Positive
619,GOMB,slang,0,Neutral
620,GPOY,slang,1,Negative
621,GR8,slang,0,Positive
622,GRATZ,slang,0,Neutral
623,GRL,slang,0,Neutral
624,GRWG,slang,0,Positive
625,GR&D,slang,0,Neutral
626,GS,slang,0,Positive
627,GS,slang,0,Positive
628,GT,slang,0,Positive
629,GTFO,slang,0,Neutral
630,GTFOH,slang,0,Neutral
631,GTG,slang,0,Neutral
632,GTM,slang,0,Neutral
633,GTRM,slang,0,Neutral
634,GTSY,slang,0,Positive
635,GUCCI,slang,0,Positive
636,GUD,slang,0,Positive
637,GWHTLC,slang,0,Positive
638,H,slang,0,Neutral
639,H8,slang,1,Negative
640,H8TTU,slang,1,Negative
641,HAG1,slang,0,Positive
642,HAK,slang,0,Neutral
643,HALP,slang,0,Neutral
644,HAU,slang,0,Neutral
645,H&K,slang,0,Neutral
646,H2CUS,slang,0,Neutral
647,HAGN,slang,0,Positive
648,HAGO,slang,0,Positive
649,HAND,slang,0,Positive
650,HAWT,slang,0,Positive
651,HAWT,slang,0,Positive
652,HB,slang,0,Neutral
653,HB,slang,0,Neutral
654,HBD,slang,0,Positive
655,H-BDAY,slang,0,Positive
656,HBU,slang,0,Neutral
657,HF,slang,0,Positive
658,HFAC,slang,0,Neutral
659,H-FDAY,slang,0,Positive
660,HHIS,slang,0,Neutral
661,HIFW,slang,0,Neutral
662,HL,slang,1,Negative
663,HLA,slang,0,Neutral
664,H-MDAY,slang,0,Positive
665,HMU,slang,0,Neutral
666,HNL,slang,0,Neutral
667,HOAS,slang,0,Neutral
668,HP,slang,0,Neutral
669,HRU,slang,0,Neutral
670,HTH,slang,0,Neutral
671,HUB,slang,0,Neutral
672,HUYA,slang,0,Neutral
673,HV,slang,0,Neutral
674,HVH,slang,0,Positive
675,HW,slang,0,Neutral
676,HYFR,slang,0,Positive
677,I2,slang,0,Neutral
678,IA8,slang,0,Neutral
679,IAAA,slang,0,Neutral
680,IAAD,slang,0,Neutral
681,IAAL,slang,0,Neutral
682,IAC,slang,0,Neutral
683,IAE,slang,0,Neutral
684,IANAC,slang,0,Neutral
685,IANAL,slang,0,Neutral
686,IAO,slang,0,Neutral
687,IB,slang,0,Neutral
688,IB,slang,0,Neutral
689,IC,slang,0,Neutral
690,ICAM,slang,0,Positive
691,ICBW,slang,1,Negative
692,ICEDI,slang,0,Neutral
693,ICFILWU,slang,0,Positive
694,ICYMI,slang,0,Neutral
695,IDBI,slang,0,Neutral
696,IDC,slang,0,Neutral
697,IDGAF,slang,0,Neutral
698,IDK,slang,0,Neutral
699,IDTS,slang,0,Neutral
700,IDUNNO,slang,0,Neutral
701,IFYP,slang,0,Neutral
702,IG,slang,0,Neutral
703,IG2R,slang,0,Neutral
704,IGHT,slang,0,Positive
705,IGN,slang,0,Neutral
706,IGP,slang,0,Neutral
707,IHNI,slang,0,Neutral
708,IIRC,slang,0,Neutral
709,IIIO,slang,1,Negative
710,IK,slang,0,Neutral
711,IKR,slang,0,Positive
712,ILBL8,slang,1,Negative
713,ILU,slang,0,Positive
714,ILUM,slang,0,Positive
715,ILYSM,slang,0,Positive
716,ILY,slang,0,Positive
717,IM,slang,0,Neutral
718,IMAO,slang,0,Neutral
719,IMHO,slang,1,Negative
720,ImL,slang,0,Positive
721,IMNSHO,slang,1,Negative
722,IMO,slang,0,Neutral
723,IMS,slang,1,Negative
724,IMSB,slang,1,Negative
725,IMTM,slang,0,Neutral
726,IMU,slang,0,Neutral
727,INAL,slang,0,Neutral
728,INC,slang,0,Neutral
729,Inspoo,slang,0,Neutral
730,INV,slang,0,Neutral
731,IOMH,slang,0,Neutral
732,IOW,slang,1,Negative
733,IRL,slang,0,Positive
734,IRMC,slang,0,Neutral
735,ISLY,slang,0,Positive
736,ISO,slang,0,Neutral
737,ITAM,slang,0,Neutral
738,ITT,slang,0,Neutral
739,ITYK,slang,0,Neutral
740,IUSS,slang,0,Neutral
741,IWALU,slang,0,Positive
742,IWAWO,slang,0,Neutral
743,IWIAM,slang,1,Negative
744,IWSN,slang,0,Neutral
745,IYKWIM,slang,1,Negative
746,IYO,slang,0,Neutral
747,IYQ,slang,0,Neutral
748,IYSS,slang,0,Neutral
749,j00,slang,0,Neutral
750,j00r,slang,0,Neutral
751,JAC,slang,0,Neutral
752,JAM,slang,0,Neutral
753,JAS,slang,0,Neutral
754,JC (J/C),slang,0,Neutral
755,JDI,slang,0,Neutral
756,JELLY,slang,0,Neutral
757,JFF,slang,0,Positive
758,JFGI,slang,0,Neutral
759,JIC,slang,0,Neutral
760,JJ (J/J),slang,0,Neutral
761,JJA,slang,0,Neutral
762,JK (J/K),slang,0,Neutral
763,JLMK,slang,0,Neutral
764,JMO,slang,0,Neutral
765,JP,slang,0,Neutral
766,JP,slang,0,Neutral
767,JT (J/T),slang,0,Neutral
768,JTLYK,slang,0,Neutral
769,JV,slang,0,Neutral
770,JW,slang,0,Neutral
771,K,slang,0,Positive
772,KK,slang,0,Neutral
773,KK,slang,0,Positive
774,K8T,slang,0,Neutral
775,k/b,slang,0,Neutral
776,KB,slang,0,Neutral
777,KB,slang,0,Neutral
778,KDFU,slang,0,Neutral
779,KEWL,slang,0,Positive
780,KEYA,slang,0,Neutral
781,KEYME,slang,0,Neutral
782,KFY,slang,0,Neutral
783,KIA,slang,0,Neutral
784,KIR,slang,0,Positive
785,KISS,slang,1,Negative
786,KIT,slang,0,Neutral
787,KMA,slang,0,Neutral
788,KMK,slang,0,Neutral
789,KMS,slang,0,Neutral
790,KMT,slang,0,Neutral
791,KOC,slang,0,Neutral
792,KOL,slang,0,Neutral
793,Koreaboo,slang,1,Negative
794,KOS,slang,0,Neutral
795,KOS,slang,0,Neutral
796,KOW,slang,0,Neutral
797,KOTC,slang,0,Neutral
798,KOTD,slang,0,Neutral
799,KOTL,slang,0,Neutral
800,KNIM,slang,1,Negative
801,KNOW,slang,0,Neutral
802,KPC,slang,0,Neutral
803,KS,slang,0,Neutral
804,KSC,slang,0,Positive
805,KT,slang,0,Neutral
806,KUTGW,slang,0,Positive
807,KYS,slang,0,Neutral
808,L2G,slang,0,Neutral
809,L2G,slang,0,Positive
810,L2K,slang,0,Neutral
811,L2P,slang,0,Neutral
812,l33t,slang,0,Neutral
813,L4L,slang,0,Neutral
814,L8R,slang,0,Neutral
815,L8RG8R,slang,0,Neutral
816,LAB,slang,0,Neutral
817,LBAY,slang,0,Neutral
818,LBS,slang,1,Negative
819,LBVS,slang,1,Negative
820,LD,slang,0,Neutral
821,LD,slang,1,Negative
822,LDO,slang,1,Negative
823,LEMENO,slang,0,Neutral
824,LERK,slang,0,Positive
825,LFD,slang,0,Neutral
826,LFG,slang,0,Neutral
827,LFG,slang,0,Neutral
828,LFM,slang,0,Positive
829,LGH,slang,0,Positive
830,LH6,slang,0,Neutral
831,LHSX,slang,0,Neutral
832,LHM,slang,0,Neutral
833,LHO,slang,0,Neutral
834,LI,slang,0,Neutral
835,LIC,slang,0,Neutral
836,LIK,slang,0,Neutral
837,LIMT,slang,0,Positive
838,LIT,slang,0,Positive
839,LIT,slang,1,Negative
840,LLGB,slang,0,Positive
841,LLS,slang,1,Negative
842,LMAO,slang,0,Neutral
843,LMBO,slang,0,Neutral
844,LMFAO,slang,0,Neutral
845,LMIRL,slang,0,Positive
846,LMK,slang,0,Neutral
847,LMMFAO,slang,0,Positive
848,LMNK,slang,0,Neutral
849,LMS,slang,0,Neutral
850,LNT,slang,0,Neutral
851,LOA,slang,0,Neutral
852,LOL,slang,0,Positive
853,LOL,slang,0,Positive
854,LOL,slang,0,Positive
855,LOLH,slang,1,Negative
856,LOLO,slang,0,Positive
857,LOLWTF,slang,0,Positive
858,LOTI,slang,0,Neutral
859,LOTR,slang,0,Neutral
860,LQTM,slang,0,Neutral
861,LSHMBH,slang,0,Positive
862,LSV,slang,0,Neutral
863,LTD,slang,0,Neutral
864,LTLWDLS,slang,0,Neutral
865,LTNS,slang,1,Negative
866,LTOD,slang,0,Neutral
867,LTS,slang,0,Neutral
868,LULT,slang,0,Positive
869,LULZ,slang,0,Neutral
870,LVM,slang,0,Neutral
871,LWOS,slang,0,Neutral
872,LY,slang,0,Positive
873,LYLAS,slang,0,Positive
874,LYLC,slang,1,Negative
875,LYSM,slang,0,Positive
876,M$,slang,0,Neutral
877,M8,slang,0,Neutral
878,MB,slang,0,Neutral
879,MBS,slang,1,Negative
880,MC,slang,0,Neutral
881,MDIAC,slang,0,Neutral
882,MEGO,slang,0,Neutral
883,MEH,slang,0,Neutral
884,MEH,slang,0,Positive
885,MEHH,slang,0,Neutral
886,MEZ,slang,0,Neutral
887,MFI,slang,1,Negative
888,MFW,slang,0,Neutral
889,MGB,slang,0,Neutral
890,MGMT,slang,0,Neutral
891,MHOTY,slang,0,Neutral
892,MIRL,slang,0,Positive
893,MIRL,slang,0,Positive
894,MISS.3,slang,0,Positive
895,MKAY,slang,0,Positive
896,MLM,slang,0,Neutral
897,MM,slang,0,Neutral
898,MMK,slang,0,Positive
899,MNC,slang,0,Neutral
900,MNSG,slang,0,Neutral
901,MOD,slang,0,Neutral
902,MOD,slang,0,Neutral
903,MORF,slang,0,Neutral
904,MOMBOY,slang,0,Neutral
905,MOO,slang,0,Positive
906,MOOS,slang,0,Neutral
907,MOS,slang,0,Neutral
908,MOSS,slang,0,Neutral
909,MP,slang,0,Neutral
910,MR.3,slang,0,Positive
911,MRT,slang,0,Neutral
912,MRW,slang,0,Neutral
913,MSG,slang,0,Neutral
914,MTF,slang,0,Positive
915,MTFBWU,slang,0,Neutral
916,MU,slang,0,Neutral
917,MUAH,slang,0,Neutral
918,MUSM,slang,0,Positive
919,MWAH,slang,0,Neutral
920,MYO,slang,0,Positive
921,MYOB,slang,0,Positive
922,n00b,slang,0,Neutral
923,N1,slang,0,Positive
924,N2M,slang,0,Positive
925,NADT,slang,0,Neutral
926,NALOPKT,slang,0,Neutral
927,NANA,slang,0,Neutral
928,NBD,slang,0,Neutral
929,NBFAB,slang,0,Positive
930,NC,slang,0,Positive
931,ND,slang,0,Positive
932,NE,slang,0,Neutral
933,NE1,slang,0,Neutral
934,NERF,slang,0,Neutral
935,NFM,slang,0,Neutral
936,NFM,slang,0,Neutral
937,NGL,slang,0,Neutral
938,NFS,slang,0,Neutral
939,NFS,slang,0,Neutral
940,NFW,slang,0,Neutral
941,NFW,slang,0,Neutral
942,NFWS,slang,0,Positive
943,NH,slang,0,Positive
944,NIFOC,slang,0,Neutral
945,NIGI,slang,0,Neutral
946,NIMBY,slang,0,Neutral
947,NIROK,slang,0,Neutral
948,NLT,slang,0,Neutral
949,NM,slang,0,Positive
950,NM,slang,0,Neutral
951,NM,slang,0,Positive
952,NMH,slang,1,Negative
953,NMJC,slang,1,Negative
954,NMU,slang,1,Negative
955,NO1,slang,0,Neutral
956,NOOB,slang,1,Negative
957,NOWL,slang,0,Neutral
958,NOYB,slang,0,Neutral
959,NP,slang,0,Neutral
960,NPC,slang,0,Neutral
961,NQT,slang,0,Positive
962,NR,slang,0,Positive
963,NRN,slang,0,Neutral
964,NS,slang,0,Positive
965,NS,slang,0,Positive
966,NSA,slang,0,Neutral
967,NSFL,slang,1,Negative
968,NSFW,slang,1,Negative
969,NSISR,slang,0,Positive
970,NT,slang,0,Positive
971,NTHING,slang,0,Neutral
972,NTS,slang,0,Neutral
973,NVM,slang,0,Neutral
974,NVR,slang,0,Neutral
975,NW,slang,0,Neutral
976,NWO,slang,0,Neutral
977,O4U,slang,0,Neutral
978,O,slang,0,Neutral
979,O,slang,0,Neutral
980,O,slang,0,Neutral
981,OA,slang,0,Neutral
982,OATUS,slang,1,Negative
983,OB,slang,0,Neutral
984,OB,slang,0,Neutral
985,OBV,slang,0,Neutral
986,OFC,slang,0,Neutral
987,OG,slang,0,Positive
988,OGIM,slang,0,Neutral
989,OH,slang,0,Neutral
990,OHHEMMGEE,slang,0,Neutral
991,OI,slang,0,Neutral
992,OIB,slang,0,Neutral
993,OIC,slang,0,Neutral
994,OJ,slang,0,Neutral
995,OL,slang,0,Positive
996,OLL,slang,0,Positive
997,OM,slang,0,Positive
998,OM,slang,0,Neutral
999,OMAA,slang,0,Neutral
1000,OMDB,slang,1,Negative
1001,OMFG,slang,0,Neutral
1002,OMG,slang,0,Neutral
1003,OMG,slang,0,Neutral
1004,OMGYG2BK,slang,0,Neutral
1005,OMGYS,slang,0,Neutral
1006,OMS,slang,0,Neutral
1007,OMW,slang,0,Neutral
1008,ONL,slang,0,Neutral
1009,OO,slang,0,Neutral
1010,OOC,slang,0,Neutral
1011,OOH,slang,0,Neutral
1012,OOMF,slang,0,Neutral
1013,OOTD,slang,0,Neutral
1014,OOTD,slang,0,Neutral
1015,OOTO,slang,0,Neutral
1016,OP,slang,0,Neutral
1017,ORLY,slang,0,Positive
1018,OS,slang,0,Neutral
1019,OT,slang,0,Neutral
1020,OTB,slang,0,Neutral
1021,OTFL,slang,0,Neutral
1022,OTL,slang,0,Neutral
1023,OTOH,slang,1,Negative
1024,OTP,slang,0,Neutral
1025,OTP,slang,0,Neutral
1026,OTT,slang,0,Positive
1027,OTTOMH,slang,0,Positive
1028,OTW,slang,0,Neutral
1029,OVA,slang,0,Neutral
1030,OYO,slang,0,Positive
1031,P,slang,0,Neutral
1032,P2P,slang,0,Neutral
1033,P2P,slang,0,Neutral
1034,P2P,slang,0,Neutral
1035,P911,slang,0,Neutral
1036,PAP,slang,0,Neutral
1037,PAT,slang,0,Neutral
1038,PAW,slang,0,Neutral
1039,PBOOK,slang,0,Neutral
1040,PC,slang,0,Neutral
1041,PCM,slang,0,Neutral
1042,PDA,slang,0,Neutral
1043,PDH,slang,0,Positive
1044,PDS,slang,0,Neutral
1045,PDQ,slang,0,Positive
1046,PEEPS,slang,0,Neutral
1047,PFT,slang,0,Positive
1048,PIC,slang,0,Neutral
1049,PIP,slang,1,Negative
1050,PIR,slang,0,Neutral
1051,PISS,slang,0,Neutral
1052,PITA,slang,0,Neutral
1053,PKMN,slang,0,Neutral
1054,PL8,slang,0,Neutral
1055,PLD,slang,0,Neutral
1056,PLMK,slang,0,Neutral
1057,PLS,slang,0,Neutral
1058,PLU,slang,0,Neutral
1059,PLZ,slang,0,Neutral
1060,PLZTLME,slang,0,Neutral
1061,PM,slang,0,Neutral
1062,PMFI,slang,0,Neutral
1063,PMFJI,slang,0,Neutral
1064,PMSL,slang,0,Neutral
1065,POAHF,slang,0,Positive
1066,POIDH,slang,0,Neutral
1067,POS,slang,0,Neutral
1068,POT,slang,0,Neutral
1069,POTD,slang,0,Neutral
1070,POV,slang,0,Neutral
1071,POV,slang,0,Neutral
1072,PPL,slang,0,Neutral
1073,PPU,slang,0,Neutral
1074,PRESH,slang,0,Positive
1075,PROBS,slang,0,Neutral
1076,PROLLY,slang,0,Neutral
1077,PROGGY,slang,0,Neutral
1078,PRON,slang,0,Neutral
1079,PRT,slang,0,Neutral
1080,PRT,slang,0,Neutral
1081,PRW,slang,0,Neutral
1082,PSA,slang,0,Neutral
1083,PSOS,slang,0,Neutral
1084,PSP,slang,0,Neutral
1085,PST,slang,0,Neutral
1086,PTFO,slang,0,Neutral
1087,PTIYPASI,slang,0,Neutral
1088,PTL,slang,0,Neutral
1089,PTMM,slang,0,Positive
1090,PTO,slang,0,Neutral
1091,PTO,slang,0,Neutral
1092,PTO,slang,0,Neutral
1093,PUG,slang,0,Neutral
1094,PVE,slang,0,Neutral
1095,PVP,slang,0,Neutral
1096,PWN,slang,0,Positive
1097,PXT,slang,0,Neutral
1098,PU,slang,1,Negative
1099,PUKS,slang,0,Neutral
1100,PYT,slang,0,Positive
1101,PZ,slang,0,Neutral
1102,PZA,slang,0,Neutral
1103,Q,slang,0,Neutral
1104,Q4U,slang,0,Neutral
1105,QC,slang,0,Neutral
1106,QFE,slang,0,Neutral
1107,QFI,slang,1,Negative
1108,QFI,slang,0,Neutral
1109,QFT,slang,0,Neutral
1110,QIK,slang,0,Positive
1111,QL,slang,0,Neutral
1112,QOTD,slang,0,Neutral
1113,Q_Q,slang,1,Negative
1114,QQ,slang,0,Positive
1115,QSL,slang,0,Neutral
1116,QSO,slang,0,Neutral
1117,QT,slang,0,Neutral
1118,QTPI,slang,0,Neutral
1119,R,slang,0,Neutral
1120,R8,slang,0,Neutral
1121,RBAY,slang,0,Positive
1122,RFN,slang,0,Positive
1123,RGR,slang,0,Neutral
1124,RHIP,slang,1,Negative
1125,RIP,slang,0,Neutral
1126,RL,slang,0,Positive
1127,RLY,slang,0,Positive
1128,RME,slang,0,Neutral
1129,RMLB,slang,0,Neutral
1130,RMMM,slang,0,Neutral
1131,ROFL,slang,0,Neutral
1132,ROFLCOPTER,slang,0,Neutral
1133,ROFLMAO,slang,0,Neutral
1134,ROTFL,slang,0,Neutral
1135,ROTFLUTS,slang,1,Negative
1136,RS,slang,0,Neutral
1137,RSN,slang,0,Positive
1138,RT,slang,0,Neutral
1139,RT,slang,0,Neutral
1140,RTBS,slang,1,Negative
1141,RTFM,slang,0,Neutral
1142,RTFQ,slang,0,Neutral
1143,RTHX,slang,0,Positive
1144,RTMS,slang,1,Negative
1145,RTNTN,slang,0,Neutral
1146,RTRCTV,slang,0,Neutral
1147,RTRMT,slang,0,Neutral
1148,RTSM,slang,1,Negative
1149,RTWFQ,slang,0,Positive
1150,RU,slang,0,Neutral
1151,RUMOF,slang,0,Neutral
1152,RUT,slang,0,Neutral
1153,RUOK,slang,0,Positive
1154,RX,slang,0,Neutral
1155,RW,slang,0,Positive
1156,RX,slang,0,Neutral
1157,RYB,slang,0,Neutral
1158,RYO,slang,0,Positive
1159,RYS,slang,0,Neutral
1160,RYS,slang,1,Negative
1161,S2R,slang,0,Neutral
1162,S2S,slang,1,Negative
1163,S4L,slang,0,Neutral
1164,SAL,slang,0,Positive
1165,SAT,slang,1,Negative
1166,SAVAGE,slang,1,Negative
1167,SB,slang,0,Neutral
1168,SB,slang,0,Neutral
1169,SB,slang,0,Neutral
1170,SBIA,slang,0,Neutral
1171,SBT,slang,1,Negative
1172,SC,slang,0,Positive
1173,SD,slang,0,Positive
1174,SDMB,slang,0,Positive
1175,SENPAI,slang,0,Positive
1176,SEO,slang,0,Neutral
1177,SETE,slang,0,Neutral
1178,SELFIE,slang,0,Neutral
1179,SFAIK,slang,0,Positive
1180,SH,slang,0,Neutral
1181,SH^,slang,0,Neutral
1182,SHID,slang,0,Neutral
1183,SHIP,slang,0,Neutral
1184,SICNR,slang,1,Negative
1185,SIG2R,slang,1,Negative
1186,SIHTH,slang,1,Negative
1187,SIMYC,slang,1,Negative
1188,SIR,slang,0,Positive
1189,SIS,slang,0,Neutral
1190,SIS,slang,0,Neutral
1191,SIT,slang,0,Neutral
1192,SITD,slang,1,Negative
1193,SJW,slang,0,Positive
1194,SK8,slang,0,Neutral
1195,SK8NG,slang,0,Neutral
1196,SK8R,slang,0,Neutral
1197,SK8RBOI,slang,0,Neutral
1198,SLAP,slang,0,Neutral
1199,Slay,slang,0,Neutral
1200,SM,slang,0,Positive
1201,SMAZED,slang,0,Neutral
1202,SMEXI,slang,0,Positive
1203,SMH,slang,0,Neutral
1204,SMHID,slang,0,Neutral
1205,SNAFU,slang,0,Positive
1206,SNERT,slang,1,Negative
1207,SNR,slang,0,Neutral
1208,SO,slang,0,Positive
1209,SOAB,slang,0,Neutral
1210,S’OK,slang,0,Positive
1211,SOL,slang,0,Neutral
1212,SOMY,slang,1,Negative
1213,SorG,slang,0,Positive
1214,SOS,slang,0,Neutral
1215,SOS,slang,0,Neutral
1216,SOT,slang,0,Neutral
1217,SOTMG,slang,0,Neutral
1218,SOWM,slang,0,Neutral
1219,SPK,slang,0,Neutral
1220,SRSLY,slang,1,Negative
1221,SPST,slang,0,Neutral
1222,SPTO,slang,0,Neutral
1223,SQ,slang,0,Neutral
1224,SRY,slang,1,Negative
1225,SS,slang,1,Negative
1226,SSDD,slang,0,Neutral
1227,SSIF,slang,1,Negative
1228,SSINF,slang,1,Negative
1229,ST&D,slang,0,Neutral
1230,Stan,slang,0,Neutral
1231,STFU,slang,0,Neutral
1232,STR8,slang,0,Positive
1233,STW,slang,0,Neutral
1234,SU,slang,0,Neutral
1235,SUITM,slang,0,Neutral
1236,SUL,slang,0,Neutral
1237,SUP,slang,0,Neutral
1238,SUTH,slang,0,Neutral
1239,SUX,slang,1,Negative
1240,SUYF,slang,0,Neutral
1241,SWAG,slang,0,Positive
1242,SWAG,slang,0,Positive
1243,SWAK,slang,0,Neutral
1244,SWALK,slang,0,Positive
1245,SWAT,slang,0,Positive
1246,SWL,slang,0,Neutral
1247,SWMBO,slang,0,Neutral
1248,SYL,slang,0,Neutral
1249,SYS,slang,0,Neutral
1250,SYY,slang,0,Neutral
1251,T+,slang,0,Positive
1252,T4BU,slang,0,Positive
1253,T:)T,slang,0,Positive
1254,TA,slang,0,Positive
1255,TAFN,slang,0,Neutral
1256,TAM,slang,0,Neutral
1257,TANK,slang,0,Positive
1258,TANKED,slang,0,Neutral
1259,TANKING,slang,0,Neutral
1260,TARFU,slang,0,Positive
1261,TAU,slang,0,Neutral
1262,TAUMUALU,slang,0,Positive
1263,TBAG,slang,0,Neutral
1264,TBBH,slang,0,Positive
1265,TBC,slang,0,Neutral
1266,TBD,slang,0,Neutral
1267,TBH,slang,0,Positive
1268,TBL,slang,0,Neutral
1269,TBT,slang,0,Neutral
1270,TC,slang,0,Neutral
1271,TCB,slang,0,Neutral
1272,TCOY,slang,0,Neutral
1273,TD,slang,0,Neutral
1274,TD2M,slang,1,Negative
1275,TDTM,slang,1,Negative
1276,TEA,slang,0,Neutral
1277,TFF,slang,0,Positive
1278,TFS,slang,0,Positive
1279,TFTF,slang,0,Positive
1280,TFTI,slang,0,Positive
1281,TFTT,slang,0,Positive
1282,TG,slang,0,Neutral
1283,TGIF,slang,0,Neutral
1284,THNQ,slang,0,Neutral
1285,THNX,slang,0,Positive
1286,THOT,slang,0,Neutral
1287,THT,slang,0,Positive
1288,THX,slang,0,Positive
1289,TIA,slang,0,Positive
1290,TIAD,slang,0,Neutral
1291,TIC,slang,0,Neutral
1292,TIL,slang,0,Neutral
1293,TILIS,slang,0,Neutral
1294,TIR,slang,0,Neutral
1295,TLK2UL8R,slang,0,Neutral
1296,TL,slang,1,Negative
1297,TL;DR,slang,1,Negative
1298,TM,slang,0,Neutral
1299,TMA,slang,0,Neutral
1300,TMB,slang,0,Neutral
1301,TMB,slang,0,Neutral
1302,TMI,slang,0,Positive
1303,TMOT,slang,0,Neutral
1304,TMTH,slang,0,Positive
1305,TMYL,slang,0,Neutral
1306,TMWFI,slang,0,Neutral
1307,TNSTAAFL,slang,0,Positive
1308,TNT,slang,0,Neutral
1309,TOJ,slang,0,Positive
1310,TOS,slang,0,Neutral
1311,TOTES,slang,0,Neutral
1312,TOU,slang,0,Neutral
1313,TOY,slang,0,Neutral
1314,TPM,slang,0,Neutral
1315,TPTB,slang,0,Neutral
1316,TQ,slang,0,Positive
1317,TSH,slang,1,Negative
1318,TSNF,slang,1,Negative
1319,TSTB,slang,0,Positive
1320,TT,slang,0,Neutral
1321,TTFN,slang,0,Neutral
1322,TTLY,slang,0,Neutral
1323,TTTT,slang,0,Neutral
1324,TTUL,slang,0,Neutral
1325,TU,slang,0,Neutral
1326,TUI,slang,0,Neutral
1327,TURNT,slang,0,Neutral
1328,TWSS,slang,0,Neutral
1329,TTG,slang,0,Neutral
1330,TTYAFN,slang,0,Neutral
1331,TTYL,slang,0,Neutral
1332,TTYS,slang,0,Neutral
1333,TY,slang,0,Neutral
1334,TYFC,slang,0,Neutral
1335,TYFYC,slang,0,Neutral
1336,TYS,slang,0,Neutral
1337,TYT,slang,0,Neutral
1338,TYSO,slang,0,Positive
1339,TYAFY,slang,0,Neutral
1340,TYVM,slang,0,Positive
1341,TX,slang,0,Positive
1342,^URS,slang,0,Neutral
1343,UCMU,slang,0,Neutral
1344,UDI,slang,0,Neutral
1345,UDM,slang,0,Neutral
1346,UDS,slang,1,Negative
1347,UFB,slang,0,Positive
1348,UFN,slang,0,Neutral
1349,UFWM,slang,0,Neutral
1350,UGTBK,slang,0,Neutral
1351,UHGTBSM,slang,0,Neutral
1352,UKTR,slang,0,Positive
1353,UL,slang,0,Neutral
1354,U-L,slang,0,Neutral
1355,UNA,slang,0,Neutral
1356,UN4TUN8,slang,1,Negative
1357,UNBLEFBLE,slang,1,Negative
1358,UNCRTN,slang,0,Neutral
1359,UNPC,slang,0,Neutral
1360,UOK,slang,0,Positive
1361,UR,slang,0,Neutral
1362,UR2YS4ME,slang,0,Positive
1363,URA*,slang,0,Neutral
1364,URH,slang,0,Positive
1365,URSKTM,slang,0,Positive
1366,URTM,slang,0,Neutral
1367,URW,slang,0,Positive
1368,USBCA,slang,0,Positive
1369,USU,slang,1,Negative
1370,UT,slang,0,Neutral
1371,UT2L,slang,1,Negative
1372,UTM,slang,0,Neutral
1373,UV,slang,1,Negative
1374,UW,slang,0,Positive
1375,UX,slang,0,Neutral
1376,V,slang,0,Positive
1377,VAT,slang,0,Neutral
1378,VBL,slang,0,Neutral
1379,VBS,slang,0,Positive
1380,VC,slang,0,Neutral
1381,VEG,slang,1,Negative
1382,VFF,slang,0,Positive
1383,VFM,slang,0,Neutral
1384,VGC,slang,0,Positive
1385,VGG,slang,0,Positive
1386,VGH,slang,0,Positive
1387,VIP,slang,0,Positive
1388,VM,slang,0,Neutral
1389,VN,slang,0,Positive
1390,VNH,slang,0,Positive
1391,VoIP,slang,0,Neutral
1392,VRY,slang,0,Positive
1393,VSC,slang,0,Positive
1394,VSF,slang,1,Negative
1395,VWD,slang,0,Positive
1396,VWP,slang,0,Positive
1397,W@,slang,0,Neutral
1398,W/,slang,0,Neutral
1399,W/B,slang,0,Positive
1400,W3,slang,0,Neutral
1401,W8,slang,0,Neutral
1402,WAH,slang,0,Neutral
1403,WAJ,slang,0,Neutral
1404,WAM,slang,0,Neutral
1405,WAN2,slang,0,Neutral
1406,WAN2TLK,slang,0,Neutral
1407,WAREZ,slang,0,Neutral
1408,WAS,slang,0,Neutral
1409,WAS,slang,0,Positive
1410,WAT,slang,0,Neutral
1411,WAWA,slang,0,Neutral
1412,WAYF,slang,0,Neutral
1413,W/B,slang,0,Neutral
1414,WB,slang,0,Positive
1415,WBS,slang,0,Neutral
1416,WBU,slang,0,Neutral
1417,WC,slang,0,Positive
1418,WC,slang,0,Neutral
1419,WCA,slang,0,Neutral
1420,W/E,slang,0,Neutral
1421,W/END,slang,0,Neutral
1422,WE,slang,0,Neutral
1423,WEBO,slang,0,Neutral
1424,WEEBO,slang,1,Negative
1425,WEP,slang,0,Neutral
1426,WH5,slang,0,Neutral
1427,WHATEVES,slang,0,Neutral
1428,WIBNI,slang,0,Positive
1429,WDALYIC,slang,0,Neutral
1430,WDYK,slang,0,Neutral
1431,WDYT,slang,0,Neutral
1432,WGACA,slang,0,Neutral
1433,WIIFM,slang,0,Neutral
1434,WISP,slang,0,Positive
1435,WITP,slang,0,Neutral
1436,WITW,slang,0,Neutral
1437,WIU,slang,0,Neutral
1438,WK,slang,0,Neutral
1439,WKD,slang,0,Neutral
1440,WRT,slang,0,Neutral
1441,WL,slang,0,Neutral
1442,W/O,slang,0,Neutral
1443,WOA,slang,0,Neutral
1444,WOKE,slang,0,Positive
1445,WOMBAT,slang,1,Negative
1446,WOW,slang,0,Neutral
1447,WRK,slang,0,Neutral
1448,WRU,slang,0,Neutral
1449,WRU@,slang,0,Neutral
1450,WRUD,slang,0,Neutral
1451,WTB,slang,0,Neutral
1452,WTF,slang,0,Neutral
1453,WTFE,slang,0,Neutral
1454,WTFO,slang,0,Neutral
1455,WTG,slang,0,Neutral
1456,WTGP,slang,0,Neutral
1457,WTH,slang,0,Neutral
1458,WTM,slang,0,Neutral
1459,WTS,slang,0,Neutral
1460,WTT,slang,0,Neutral
1461,WU,slang,0,Neutral
1462,WUCIWUG,slang,0,Neutral
1463,WUF,slang,0,Neutral
1464,WUP,slang,0,Neutral
1465,WUT,slang,0,Neutral
1466,WUW,slang,0,Neutral
1467,WUU2,slang,0,Neutral
1468,WUZ,slang,0,Neutral
1469,WWJD,slang,0,Neutral
1470,WWJD,slang,0,Neutral
1471,WWNC,slang,0,Neutral
1472,WWYC,slang,0,Neutral
1473,WYCM,slang,0,Neutral
1474,WYD,slang,0,Neutral
1475,WYGAM,slang,0,Neutral
1476,WYHAM,slang,0,Neutral
1477,WYLEI,slang,1,Negative
1478,WYSIWYG,slang,0,Neutral
1479,WYWH,slang,0,Neutral
1480,X-1-10,slang,0,Positive
1481,X,slang,0,Neutral
1482,X!,slang,1,Negative
1483,XD,slang,0,Positive
1484,XD,slang,0,Positive
1485,XME,slang,1,Negative
1486,XOXOXO,slang,0,Neutral
1487,XLNT,slang,0,Positive
1488,XLR8,slang,0,Neutral
1489,XPOST,slang,0,Neutral
1490,XYL,slang,0,Neutral
1491,XYZ,slang,0,Neutral
1492,Y?,slang,0,Neutral
1493,Y,slang,0,Neutral
1494,Y2K,slang,0,Positive
1495,YA,slang,0,Neutral
1496,YAA,slang,0,Neutral
1497,YABA,slang,1,Negative
1498,YARLY,slang,0,Positive
1499,YAS,slang,0,Neutral
1500,YBIC,slang,0,Neutral
1501,YBS,slang,1,Negative
1502,YCDBWYCID,slang,1,Negative
1503,YCHT,slang,0,Neutral
1504,YCLIU,slang,0,Neutral
1505,YCMU,slang,0,Neutral
1506,YCT,slang,0,Neutral
1507,YD,slang,0,Neutral
1508,YEET,slang,0,Neutral
1509,YF,slang,0,Neutral
1510,YG,slang,0,Positive
1511,YGG,slang,0,Neutral
1512,YGTBKM,slang,0,Neutral
1513,YGTR,slang,0,Positive
1514,YHBT,slang,0,Neutral
1515,YHBW,slang,0,Neutral
1516,YHL,slang,0,Neutral
1517,YIU,slang,0,Neutral
1518,YKW,slang,0,Neutral
1519,YKWYCD,slang,0,Neutral
1520,YL,slang,0,Positive
1521,YMMV,slang,0,Neutral
1522,YNK,slang,0,Neutral
1523,YOLO,slang,0,Positive
1524,YR,slang,0,Neutral
1525,YR,slang,0,Positive
1526,YRYOCC,slang,0,Positive
1527,YSIC,slang,0,Neutral
1528,YSYD,slang,0,Positive
1529,YT,slang,0,Neutral
1530,YT,slang,0,Neutral
1531,YTB,slang,0,Positive
1532,YTB,slang,0,Neutral
1533,YTTL,slang,1,Negative
1534,YTG,slang,0,Positive
1535,YW,slang,0,Positive
1536,YWHNB,slang,0,Neutral
1537,YWHOL,slang,0,Positive
1538,YWSYLS,slang,0,Positive
1539,YYSSW,slang,0,Positive
1540,Z,slang,0,Neutral
1541,Z,slang,0,Neutral
1542,Z,slang,0,Neutral
1543,Z%,slang,0,Neutral
1544,ZH,slang,0,Neutral
1545,ZOMG,slang,0,Neutral
1546,ZOT,slang,0,Neutral
1547,ZUP,slang,0,Neutral
1548,ZZZZ,slang,0,Neutral
